{"cameraMode":{"drawMode":0,"name":"Shaded","section":"Shading Mode"},"sceneLighting":true,"audioPlay":false,"sceneViewState":{"m_AlwaysRefresh":false,"showFog":true,"showSkybox":true,"showFlares":true,"showImageEffects":true,"showParticleSystems":true,"showVisualEffectGraphs":true,"m_FxEnabled":true},"in2DMode":false,"pivot":{"x":453.61480712890627,"y":7.107331275939941,"z":210.317626953125},"rotation":{"x":0.13036587834358216,"y":-0.032715942710638049,"z":0.004305068403482437,"w":0.9909179210662842},"size":10.449999809265137,"orthographic":false}